,0
0,無誤
1,感激不盡
2,受大眾歡迎
3,敬禮
4,合口味
5,突出
6,文雅
7,一塵不染
8,高精度
9,興盛
10,如獲至寶
11,樸
12,渾然
13,輝煌
14,炫目
15,標致
16,冰清玉潔
17,細緻優雅的
18,精心的
19,心靈
20,照理
21,最主要
22,湛
23,熱心腸的
24,恭敬
25,超凡入聖
26,眄
27,懂禮
28,真心誠意
29,傾心
30,滑稽
31,瑰
32,無上光榮
33,道謝
34,斷然
35,馴服
36,自行
37,確鑿無疑
38,行雲流水
39,伶俐
40,全始全終
41,任意
42,勾魂
43,馴良
44,渴盼
45,適度的
46,寶貴
47,巧妙的
48,協力
49,征服
50,以求
51,致敬
52,朝氣蓬勃
53,慊
54,牣
55,由衷
56,高高興興
57,慘淡
58,肜
59,不恥下問
60,忠誠的行為
61,流利的
62,悄悄
63,慕名
64,認命
65,不含糊的
66,和順
67,令人信服
68,舒
69,歡鬧的
70,歡叫
71,榮耀
72,純潔
73,明目張膽
74,有財產
75,堅不可摧
76,拿手
77,有兩下子
78,整潔的
79,整齊的
80,低首下心
81,有助益
82,鼎鼎大名
83,光潔
84,悔改
85,清雅
86,大量的
87,忘不了
88,輕悄悄
89,昌盛
90,苦心
91,精壯
92,正經
93,奇妙
94,助手
95,婦孺皆知
96,如意
97,稱心如意
98,上
99,別緻的
100,妄想
101,舒鬆
102,喜愛
103,中肯
104,卓越
105,最理想
106,有福
107,資源
108,圓通
109,翻天覆地
110,入理
111,誠心誠意
112,樸實無華
113,節制的
114,心心相印
115,高山流水
116,省力
117,堂堂
118,承認
119,不同尋常
120,明達
121,超拔
122,躍躍欲試
123,心地純良
124,精細
125,素雅
126,把牢
127,直捷
128,芳香
129,熟練地
130,一口
131,優秀的
132,祝福
133,平板
134,驚羨
135,寂靜
136,髀肉復生
137,藹然可親
138,敦
139,善理家
140,相信
141,珍愛
142,熱心
143,最上的
144,叫真
145,創新
146,歡慰
147,無懈可擊
148,愜意
149,相安無事
150,清白
151,上上
152,心地善良
153,許可
154,溫存
155,積極
156,滴水不漏
157,耐勞
158,軟心腸
159,公平
160,有一套
161,精巧的設計
162,贊
163,名不虛傳
164,當之無愧
165,時機適宜
166,期望
167,親切的
168,好情
169,煌煌
170,狠抓
171,堅決的
172,受歡迎的
173,省心
174,喜歡
175,鮮豔的
176,渾金璞玉
177,篤厚
178,有嘴無心
179,冶艷
180,勇敢的事蹟
181,禮貌性
182,莊嚴
183,貴族
184,繁盛
185,佔理
186,厚道的
187,喜劇的
188,稀奇的
189,有效的
190,福祉
191,正派
192,練達
193,皎皎
194,無價的
195,強勢
196,信得過
197,姣
198,通明透亮
199,沒分開
200,維護
201,招笑兒
202,閎
203,前程萬里
204,準
205,忌妒
206,鐵面無私
207,可口的
208,勤
209,平靜下來
210,肝膽相照
211,引領
212,謙卑的
213,芳
214,衷心的
215,不亢不卑
216,濃香
217,餘裕
218,歡鬧
219,協力的
220,見微知萌
221,受看
222,脫俗
223,赤心
224,滿意
225,盛大
226,浩大
227,敏銳
228,負責
229,呼之欲出
230,省時
231,說白了
232,頗為重要
233,勇猛
234,謙遜的
235,自動的
236,愛戴
237,變清
238,可靠
239,登峰造極
240,夠味兒
241,酷
242,馳念
243,心慈
244,千依百順
245,恭敬的
246,示喜
247,熱愛
248,情願
249,奉迎
250,愛國的
251,寬闊的
252,幸福
253,精闢
254,尚好
255,靈光
256,靈秀
257,有門
258,入神
259,面有喜色
260,無懈可擊
261,五大三粗
262,洋洋大觀
263,溫文爾雅
264,滿懷敬畏的
265,令人鼓舞
266,老於世故
267,儉樸
268,有頭腦
269,繁盛
270,為懷
271,堅持的
272,重要的
273,堅韌
274,挑戰性
275,無可挑剔
276,繪聲繪色
277,超群
278,吸引人眼球
279,光明磊落
280,珍惜
281,報答
282,鳥語花香
283,素樸
284,無害處
285,令人難忘的
286,賢人
287,誠篤
288,節約
289,敞開兒
290,百里挑一
291,自明
292,明淨
293,既定
294,快活
295,通用的
296,熱心的
297,承望
298,寧靜
299,清高
300,關注
301,上好的
302,過謙
303,綺麗
304,神誌正常的
305,準確
306,回禮
307,萬變不離其宗
308,灑脫
309,勻稱
310,英武
311,靜
312,度量大
313,時髦
314,跌宕
315,可欽佩
316,有幫手的
317,豐饒
318,超塵拔俗
319,精神
320,經得起檢驗
321,有膽量
322,公然
323,秀異
324,有責任心
325,可敬重
326,適口
327,激動人心
328,垂涎三尺
329,簡樸
330,龍騰虎躍
331,剛直
332,豁達大度
333,確切
334,惺惺
335,超卓
336,僖
337,標致的
338,熱忱
339,有秩序
340,韌
341,令人愉快的
342,安安靜靜
343,光輝燦爛
344,愛國
345,萬夫莫當
346,福如東海
347,嫻雅
348,通透
349,喜孜孜
350,四平八穩
351,根深蒂固
352,高檔
353,細膩
354,傳奇性
355,大膽
356,忠貞的
357,慈悲心
358,發自肺腑
359,肯順從
360,淵博
361,悄
362,陰翳
363,完整的
364,翩翩
365,燦爛的
366,有才智的
367,光明正大
368,靜幽幽
369,寬宏
370,諧調
371,祝賀的
372,樹葉茂盛
373,靜謐
374,苦苦
375,慈和
376,徼幸
377,對勁兒
378,無私無畏
379,對
380,精美的
381,強硬
382,悅服
383,通過
384,難能可貴
385,革命
386,穩當
387,富有
388,大喜
389,偏重
390,趣味相同的
391,有涵養
392,啟發想像力
393,嫣然一笑
394,誠實的
395,一致的
396,百讀不厭
397,友好
398,甲等
399,恆久
400,深入淺出
401,生死
402,清新
403,原諒
404,夾道歡迎
405,聚精會神
406,明睿
407,避免
408,讚歎
409,清朗
410,慶幸
411,領先
412,得獎的
413,手松
414,聖潔的
415,雍容
416,眉清目秀
417,活著
418,重大
419,珍奇
420,發人深省
421,使安靜
422,厚
423,激勵
424,特異
425,匡
426,安全
427,從寬
428,平滑
429,出眾
430,紅潤
431,鬼斧神工
432,精力充沛的
433,鑿鑿
434,贊成
435,清白
436,營養的
437,安全
438,成熟
439,有幫助
440,嚴謹
441,永恆的
442,能幹
443,親和
444,直率
445,盼念
446,詳實
447,曼妙
448,光風霽月
449,簡樸的
450,伸縮
451,無瑕的
452,豐姿綽約
453,熱鬧
454,迷人之處
455,樂不可支
456,熙
457,爽口
458,悔悟
459,尊敬人
460,文雅的
461,蓬蓬勃勃
462,正義的
463,毫髮無損
464,堅貞不渝
465,發育完全
466,優於
467,樸實
468,十全十美
469,令人欽佩
470,秀挺
471,徼
472,俶儻
473,得力
474,工整
475,全神貫注的
476,頂級
477,合意
478,有威嚴
479,和睦的
480,同意
481,富麗
482,穩健
483,談吐不俗
484,紅紅火火
485,精悍
486,不費力
487,極好的
488,目光如炬
489,極好的人
490,愉
491,嬋娟
492,獨創性
493,?光瓦亮
494,奉公守法
495,無缺點的
496,相等
497,愛上
498,不費吹灰之力
499,隨遇而安
500,痴心妄想
501,在乎
502,順暢
503,柔滑
504,妒火中燒
505,頭號
506,打眼
507,準確
508,有特色的
509,俠義
510,鍾情
511,時機成熟
512,不賴
513,顯揚
514,決斷
515,眾口一詞
516,喜劇
517,彰
518,妒
519,富於
520,排場
521,合乎衛生的
522,通用
523,一清二楚
524,博愛者
525,過細
526,通俗
527,鐵錚錚
528,氣概不凡
529,賞心悅目
530,作為獎品
531,精明
532,柔曼
533,暖呼呼
534,虔誠的
535,專屬
536,香醇
537,令人欽佩
538,溫靜
539,清澈
540,心馳神往
541,親近
542,淡泊名利
543,倜儻
544,互助合作
545,無毒
546,前程似錦
547,新穎
548,深切
549,足夠
550,可愛的
551,煌
552,崇仰
553,藥到病除
554,容易的
555,戇直
556,唱喏
557,渴慕
558,健康
559,有心眼
560,妒恨
561,飄逸
562,通俗
563,快樂主義的
564,岑寂
565,愛寵
566,英勇
567,經濟寬裕
568,示好
569,鼓掌歡呼表示通過
570,相中
571,第一流的
572,奮起
573,率真
574,可用
575,滑溜溜
576,真心實意
577,熱情洋溢
578,竟敢
579,翹望
580,秀麗
581,爽氣
582,昂揚
583,適應的
584,快樂的
585,忠義
586,誇獎
587,使人信服
588,強健
589,靜態
590,非常熱心
591,清明
592,祝賀
593,豐滿的
594,質樸
595,笑兮兮
596,精神十足
597,渴望
598,磅?
599,渴望
600,眉飛色舞
601,迅速
602,集資
603,對味兒
604,崇拜
605,醇厚
606,欣欣向榮
607,滑爽
608,昌
609,對頭
610,自由
611,鐵打
612,整潔
613,端莊
614,值得
615,穩定性
616,管
617,出神入化
618,實際的
619,齊整
620,整齊劃一
621,頌揚
622,平等互利
623,適意的
624,心靈美
625,致賀
626,勝過
627,日久生情
628,有韌勁
629,一律
630,安睡
631,卑
632,凝重
633,你儂我儂
634,訓練
635,品性端正的
636,真實可信
637,值得的
638,灼灼
639,舒適的
640,雷打不動
641,顧慮周到的
642,贊成的
643,博學
644,銳利
645,深摯
646,傑出人物
647,老練
648,琦
649,關切
650,毫無隱諱交談的
651,閒雅
652,破釜沉舟
653,柔和
654,舉行凱旋式
655,沒有負擔
656,恩人
657,富裕
658,正
659,鬱鬱蔥蔥
660,引人注目的
661,自在
662,事實上
663,嘆羨
664,精明
665,和易
666,天從人願
667,叫絕
668,摯切
669,甚感歡慰
670,穩健的
671,緊湊
672,挑三揀四
673,注意
674,名垂千古
675,群威群膽
676,實在論
677,永恆
678,森森
679,隆
680,頑石點頭
681,投入
682,豁然開朗
683,雙料
684,不容置辯
685,願意
686,斯斯文文
687,可用的
688,頂數
689,外向
690,寬厚
691,精製
692,緊緊
693,康樂
694,衛冕
695,景色優美
696,孝順
697,盯緊
698,高級化
699,同情
700,明快生動
701,快快活活
702,慨
703,悄然
704,懿
705,娟
706,有說服力的
707,奔放
708,感激
709,耀眼
710,日有所思
711,舒暢
712,忠忱
713,天公地道
714,虔心
715,聰明過人
716,可喜
717,歡忭
718,蘢
719,精力充沛
720,陶
721,珍視
722,公開的
723,衷心地
724,偏要
725,學富五車
726,贊同
727,雅緻
728,熱烈
729,清白的
730,繁榮
731,足色
732,機警
733,可愛地
734,快樂論
735,滑不唧溜
736,企盼
737,清楚
738,獨具特色
739,為快
740,奉獻
741,生意盎然
742,有禮貌的行為
743,使平坦
744,自覺自願
745,顯要
746,儒雅
747,完
748,溺愛
749,天籟
750,鑼鼓喧天
751,敬祝
752,發財
753,無比
754,一往情深
755,開化
756,頂尖
757,深切
758,喜出望外
759,無可置辯
760,噱頭
761,中意
762,得體
763,得人心
764,喜氣
765,透明
766,沉靜
767,理直氣壯
768,合乎邏輯
769,引以為傲
770,示同意
771,香馥馥
772,風風光光
773,夥伴的
774,洶洶
775,繁茂的
776,迎
777,高新
778,紮實
779,乖覺
780,鍥而不捨
781,鑫
782,尊敬的
783,清幽幽
784,不動搖的
785,鏗鏘
786,強
787,樂於
788,感到滿意
789,刻意
790,過獎
791,狂歡的
792,企
793,和平的
794,熙熙攘攘
795,嗜好
796,相當重要
797,尊敬人的
798,生效的
799,有決心的
800,淡雅
801,精心
802,悄沒聲
803,全心全意
804,金壁輝煌
805,廉潔
806,至尊至貴
807,隆重
808,敬禮
809,古道熱腸
810,顧
811,嘆服
812,健碩
813,企望
814,巨大
815,實誠
816,一流
817,一體化
818,清潔
819,恣肆
820,希罕
821,理性的
822,有盼兒
823,拍案叫絕
824,安泰
825,吸引
826,成熟的
827,懷著希望的
828,惓惓
829,難忘
830,略
831,易辦
832,強健的
833,賢惠
834,不任性的
835,抒情的
836,工工整整
837,齊
838,儉省
839,幽美
840,實實在在
841,翕然
842,溫厚
843,規範
844,良心
845,平平淡淡
846,狂想
847,願
848,具有壓倒性優勢
849,堅強
850,嫻雅的
851,保密
852,有效率
853,曲線美
854,看得上
855,無髒污
856,留心的
857,無欲的
858,頑強
859,流芳百世
860,愉快
861,高性能
862,獨具匠心
863,茂盛
864,稱
865,熱衷的
866,醒目
867,聰慧
868,很好的
869,仁義
870,好辦
871,百聽不厭
872,文縐縐
873,偏寵
874,窈冥
875,最佳
876,沃
877,知名
878,膩
879,恭祝
880,神采飛揚
881,全
882,基礎紮實
883,狂愛
884,儇
885,當心
886,如魚得水
887,感恩戴德
888,堅毅
889,善於經營
890,渾然一體
891,光潤
892,無上
893,留個心眼兒
894,令人驚奇
895,有目的的
896,迎迓
897,直性
898,小心謹慎
899,好看
900,盼望
901,嫻淑
902,曾經滄海
903,浪漫
904,得法
905,恰如其分
906,基
907,明白無誤
908,任性
909,中肯
910,有意義
911,信賴
912,茂盛的
913,慶賀
914,安然無恙
915,絲毫不差
916,穩定
917,有名的
918,水靈靈
919,壯健
920,值得嚮往的
921,可靠性
922,簡
923,有頭有臉
924,使人信服的
925,遵守
926,畏
927,請求
928,思考
929,前衛
930,專心
931,謇
932,才華
933,有幫手
934,語重心長
935,如雷貫耳
936,有益於健康
937,功績
938,肥沃
939,融和
940,湛深
941,金不換
942,了當
943,得體的
944,身強力壯
945,稀罕
946,清秀
947,愷
948,熱火
949,幸運地
950,功德
951,磊落
952,著眼於
953,馳名
954,熟悉的
955,博愛的
956,奇異
957,聖徒
958,科學
959,給面子
960,有愛心
961,愛好
962,清晰
963,有理
964,純淨
965,不爭
966,理會
967,和氣
968,尊重
969,適度
970,得意
971,料事如神
972,明智
973,促成
974,手腳麻利
975,出息
976,人性
977,有利潤
978,公正地
979,洌
980,高等級
981,便捷
982,雞犬不驚
983,耿介
984,鍾愛
985,闃
986,其實
987,全面
988,落落大方
989,彬彬有禮
990,值得紀念的
991,倍儿棒
992,侃
993,誇讚
994,嘉獎
995,熟慮
996,不偏不倚的
997,功不可沒
998,癡情
999,學識
1000,入木三分
1001,謙恭的
1002,不猶豫
1003,有說有笑
1004,供娛樂用
1005,歡躍
1006,要緊
1007,上等
1008,關愛
1009,好感
1010,快捷
1011,忭躍
1012,迎刃而解
1013,秀潤
1014,稱羨
1015,冰雪聰明
1016,迫切需要
1017,簡單
1018,膏腴
1019,名譽
1020,均一
1021,博大精深
1022,完美的
1023,信心
1024,刻苦
1025,光滑的
1026,堂而皇之
1027,讚揚
1028,諧調的
1029,出眾
1030,喜歡
1031,答應
1032,正常
1033,風華正茂
1034,詳
1035,不加掩飾
1036,蔚
1037,慶賀
1038,有規矩
1039,亦然
1040,值得接受
1041,提高
1042,友善
1043,望子成龍
1044,彪形
1045,傳統
1046,傑
1047,無可責難
1048,強有力
1049,互利
1050,老實
1051,妙計
1052,堅忍不拔
1053,寬懷
1054,贊成的論點
1055,擁護
1056,密切
1057,聰明的
1058,有求必應
1059,睦
1060,歷史性
1061,頭腦清楚
1062,著邊兒
1063,志願
1064,快樂主義者
1065,學成歸國
1066,篤
1067,愛好
1068,桌面兒上
1069,不拘泥的
1070,瑰偉
1071,有鼻子有眼兒
1072,心甘情願
1073,高端
1074,聰敏
1075,乾淨
1076,緊要
1077,聽話
1078,爽怡
1079,順口
1080,不亦樂乎
1081,嚴整
1082,調和
1083,值得尊敬的
1084,入迷
1085,出身名門
1086,快樂地
1087,會
1088,絕好
1089,艷冶
1090,孜孜不倦
1091,平息
1092,?
1093,千姿百態
1094,始終不渝
1095,顯性
1096,安於
1097,清晰可辨
1098,美妙的
1099,適得其所
1100,新
1101,情不自禁
1102,多才多藝的
1103,肉墩墩
1104,全力的
1105,雪亮
1106,喜出望外
1107,想像的
1108,確切無疑
1109,精深
1110,默許
1111,真確的
1112,金玉滿堂
1113,清潔
1114,正點
1115,內秀
1116,愛情
1117,心滿意足
1118,第一流
1119,真真實實
1120,婉言
1121,穩重
1122,人性的
1123,奪目
1124,看上
1125,長進
1126,香
1127,高妙
1128,神工鬼斧
1129,縝
1130,引以為榮
1131,貼切
1132,杲杲
1133,鞏固
1134,豐沃
1135,幹勁
1136,重要
1137,有錢
1138,點頭稱是
1139,鋒利
1140,冶容
1141,滿意的
1142,懂事
1143,認真
1144,弘
1145,大有裨益
1146,蕪
1147,意氣風發
1148,輕捷
1149,待人如友
1150,低調
1151,濃艷
1152,炯
1153,友愛
1154,怏然自足
1155,襝衽
1156,憐憫心
1157,真實
1158,謐
1159,嫣然
1160,一本正經
1161,光輝
1162,勤快
1163,生死不渝
1164,慧
1165,醇美
1166,一帆風順
1167,一帆風順的
1168,一流
1169,一致
1170,一致的
1171,了不起
1172,了不起的
1173,了解
1174,人性
1175,人性的
1176,人格高尚
1177,人格高尚的
1178,人情
1179,人情味
1180,入神
1181,入神的
1182,入迷
1183,入迷的
1184,上好
1185,上好的
1186,上等
1187,上等的
1188,口頭通過
1189,大方
1190,大方的
1191,大無畏
1192,大無畏的
1193,大量的
1194,大膽
1195,大膽的
1196,小天使
1197,小心
1198,小心的
1199,小心謹慎
1200,小心謹慎的
1201,工整
1202,工整的
1203,才氣
1204,才能
1205,才智
1206,才幹
1207,才藝
1208,不凡
1209,不凡的
1210,不凡的人
1211,不可名狀
1212,不可名狀的
1213,不可否認
1214,不可否認的
1215,不可侵犯
1216,不可侵犯的
1217,不可思議
1218,不可思議的
1219,不任性
1220,不任性的
1221,不成為問題
1222,不成為問題的
1223,不自私
1224,不自私的
1225,不含糊
1226,不含糊的
1227,不受約束
1228,不受約束的
1229,不屈不撓
1230,不屈不撓的
1231,不屈服
1232,不屈服的
1233,不拘泥
1234,不拘泥的
1235,不迫
1236,不偏不倚
1237,不偏不倚地
1238,不偏不倚的
1239,不動搖
1240,不動搖的
1241,不猶豫
1242,不猶豫的
1243,不慌忙
1244,不慌忙的
1245,不會弄錯
1246,不會弄錯的
1247,不會受傷害
1248,不會受傷害的
1249,不懈
1250,中和
1251,中肯
1252,中肯的
1253,井然有序
1254,井然有序的
1255,互助
1256,互助的
1257,互相密合著
1258,互相密合著的
1259,仁慈
1260,仁慈的
1261,允諾
1262,內行
1263,內行的
1264,公平
1265,公平地
1266,公平的
1267,公正
1268,公正地
1269,公正的
1270,公開
1271,公開的
1272,分寸
1273,切實
1274,切實的
1275,切題
1276,切題的
1277,勻稱
1278,勻稱的
1279,升起
1280,友好
1281,友好的
1282,友善
1283,友善的
1284,友愛
1285,友愛的
1286,友誼
1287,及格
1288,天才
1289,天才人物
1290,天使
1291,天使的
1292,天使般的人
1293,天真
1294,天真的
1295,天真無邪
1296,天堂
1297,天然
1298,天然的
1299,天資
1300,天賦
1301,引人注目
1302,引人注目的
1303,引人讚美
1304,引人讚美的人
1305,引以為榮
1306,引以為榮的事物
1307,心甘情願
1308,心甘情願的
1309,心情愉快
1310,心情愉快的
1311,心情舒暢
1312,心情舒暢的
1313,心愛
1314,心愛的
1315,心滿意足
1316,心滿意足地註視
1317,心醉
1318,心醉神迷
1319,手藝
1320,支援
1321,文雅
1322,文雅的
1323,方便
1324,方便的
1325,比較好
1326,主動
1327,主動的
1328,令人高興
1329,令人高興的
1330,令人喜悅
1331,令人喜悅的
1332,令人愉快
1333,令人愉快的
1334,令人欽佩
1335,令人欽佩的
1336,令人滿意
1337,令人滿意地
1338,令人滿意的
1339,令人難忘
1340,令人難忘的
1341,令人驚奇
1342,令人驚奇的
1343,充分
1344,充份
1345,充份的
1346,充沛
1347,充足
1348,充足的
1349,充裕
1350,充滿深情
1351,充滿深情的
1352,出名
1353,出名的
1354,出色
1355,出色的
1356,出神
1357,出神的
1358,出眾
1359,出眾的
1360,加薪
1361,功績
1362,去除
1363,可了解
1364,可了解的
1365,可口
1366,可口的
1367,可以接受
1368,可以接受的
1369,可用
1370,可用的
1371,可行
1372,可行的
1373,可忍受
1374,可忍受的
1375,可取
1376,可取的
1377,可信
1378,可信任
1379,可信任的
1380,可信的
1381,可信賴
1382,可信賴性
1383,可信賴的
1384,可理解
1385,可理解的
1386,可喜
1387,可喜的
1388,可尊敬
1389,可尊敬的
1390,可欽佩
1391,可欽佩的
1392,可貴
1393,可貴的
1394,可愛
1395,可愛地
1396,可愛的
1397,可敬
1398,可敬的
1399,可敬重
1400,可敬重的
1401,可經營
1402,可經營的
1403,可實行
1404,可實行的
1405,可稱讚
1406,可稱讚的
1407,可靠
1408,可靠性
1409,可靠的
1410,可靠程度
1411,可親
1412,可攜帶
1413,可攜帶的
1414,古典
1415,古典的
1416,古雅
1417,古雅的
1418,叮囑
1419,巨大
1420,巨大的
1421,巧妙
1422,巧妙的
1423,平安
1424,平安的
1425,平坦
1426,平坦的
1427,平息
1428,平等
1429,平整
1430,平衡
1431,平靜
1432,平靜的
1433,平穩
1434,平穩的
1435,必要
1436,打趣
1437,本著良心
1438,本著良心的
1439,未被污染
1440,未被污染的
1441,正大
1442,正式
1443,正式批准
1444,正式的
1445,正直
1446,正直的
1447,正派
1448,正派的
1449,正面
1450,正面地
1451,正常
1452,正常的
1453,正統
1454,正規
1455,正規的
1456,正當
1457,正當的
1458,正義
1459,正義的
1460,正道
1461,正確
1462,正確地
1463,正確性
1464,正確的
1465,永恆
1466,永恆的
1467,甘願
1468,甘願的
1469,生育
1470,生效
1471,生效的
1472,生氣勃勃
1473,生氣勃勃地
1474,生動
1475,生動的
1476,生產
1477,生產多
1478,生產多的
1479,用功
1480,由衷
1481,由衷的高興
1482,目眩
1483,伊甸園
1484,休息
1485,光芒
1486,光芒四射
1487,光芒四射的
1488,光明
1489,光明的
1490,光亮
1491,光亮的
1492,光彩
1493,光滑
1494,光滑的
1495,光榮
1496,光榮的
1497,光輝
1498,光輝的
1499,光澤
1500,先見之明
1501,全力
1502,全力的
1503,全面
1504,全面的
1505,全神貫注
1506,全神貫注的
1507,吉利
1508,吉利的
1509,吉祥
1510,吉祥的
1511,同情
1512,同情心
1513,同意
1514,同意給予
1515,同感
1516,名聲
1517,名譽
1518,合乎
1519,合乎情理
1520,合乎情理的
1521,合乎衛生
1522,合乎衛生的
1523,合乎邏輯
1524,合乎邏輯的
1525,合作
1526,合作的
1527,合宜
1528,合法
1529,合法性
1530,合法的
1531,合格
1532,合理
1533,合理的
1534,合意
1535,合意的
1536,合群
1537,合適
1538,合適地
1539,合適的
1540,吃苦
1541,吃苦耐勞
1542,在乎
1543,在意
1544,在讚成方面
1545,多才多藝
1546,多才多藝的
1547,多產
1548,多產的
1549,多智
1550,多智的
1551,多趣
1552,多趣的
1553,好天氣
1554,好吃
1555,好吃的
1556,好事
1557,好奇
1558,好奇的
1559,好客
1560,好客的
1561,好笑
1562,好笑的
1563,好追根究底
1564,好追根究底的
1565,好意
1566,好意地
1567,好運
1568,好運的
1569,好辦法
1570,如畫
1571,如畫的
1572,守法
1573,守法的
1574,安全
1575,安全的
1576,安定
1577,安逸
1578,安逸的
1579,安詳
1580,安詳的
1581,安寧
1582,安寧的
1583,安慰
1584,安適
1585,安適的
1586,安靜
1587,安靜的
1588,安穩
1589,成功
1590,成功的
1591,成長
1592,成為
1593,成就
1594,成熟
1595,成熟的
1596,收穫
1597,有力
1598,有力的
1599,有才氣
1600,有才氣的
1601,有才能
1602,有才能的
1603,有才智
1604,有才智的
1605,有才幹
1606,有才幹的
1607,有才幹的人
1608,有分寸
1609,有分寸的
1610,有天才的
1611,有天資
1612,有天資的
1613,有天賦
1614,有天賦的
1615,有功績
1616,有功績的
1617,有用
1618,有用的
1619,有目的
1620,有目的的
1621,有光澤
1622,有光澤的
1623,有先見之明
1624,有先見之明的
1625,有同情心
1626,有同情心的
1627,有名
1628,有名的
1629,有判斷力
1630,有判斷力的
1631,有利
1632,有利的
1633,有利益
1634,有利益的
1635,有利條件
1636,有利潤
1637,有利潤的
1638,有助
1639,有助的
1640,有助益
1641,有助益的東西
1642,有吸引力
1643,有吸引力的
1644,有含義
1645,有含義的
1646,有把握
1647,有把握地
1648,有把握的
1649,有決心
1650,有決心的
1651,有知覺
1652,有知覺的
1653,有信心
1654,有信心的
1655,有前途
1656,有品格
1657,有品格的
1658,有威嚴
1659,有威嚴的
1660,有思想
1661,有思想性
1662,有思想性的
1663,有指望
1664,有耐性
1665,有耐性的
1666,有效
1667,有效性
1668,有效的
1669,有效率
1670,有效率的
1671,有特色
1672,有特色的
1673,有益
1674,有益於健康
1675,有益於健康的
1676,有益的
1677,有益健康
1678,有益健康的
1679,有秩序
1680,有能力
1681,有能力的
1682,有財產
1683,有財產的
1684,有教育意義
1685,有教育意義的
1686,有理
1687,有規矩
1688,有規範
1689,有規範的
1690,有責任
1691,有責任心
1692,有責任心的
1693,有責任的
1694,有創造力
1695,有創造力的
1696,有智慧
1697,有智慧的
1698,有貴族氣派
1699,有貴族氣派的
1700,有進取精神
1701,有進取精神的
1702,有雅量
1703,有雅量的
1704,有勢力
1705,有勢力的
1706,有乾勁
1707,有乾勁的
1708,有意義
1709,有意義的
1710,有感覺
1711,有感覺的
1712,有愛心
1713,有愛心的
1714,有愛國心
1715,有愛國心的
1716,有節制
1717,有節制的
1718,有義務的
1719,有道德
1720,有道德的
1721,有精神
1722,有說服力
1723,有說服力的
1724,有遠見
1725,有遠見的
1726,有價值
1727,有價值的
1728,有價值的人
1729,有樂趣
1730,有樂趣的
1731,有確實根據
1732,有確實根據的
1733,有趣
1734,有趣的
1735,有魅力
1736,有魅力的
1737,有錢
1738,有錢的
1739,有頭腦
1740,有頭腦的
1741,有幫手
1742,有幫手的
1743,有幫助
1744,有幫助的
1745,有幫助的人
1746,有膽量
1747,有膽量的
1748,有禮
1749,有禮貌
1750,有禮貌的
1751,有禮貌的行為
1752,有魔力
1753,有魔力的
1754,有權
1755,有權力
1756,有權力的
1757,有權益
1758,有權益的
1759,有權能
1760,有權能的
1761,老實
1762,老實的
1763,老練
1764,老練的
1765,考慮
1766,自主
1767,自由
1768,自由的
1769,自白
1770,自立
1771,自在
1772,自信
1773,自信地
1774,自動
1775,自動的
1776,自尊
1777,自然
1778,自然的
1779,自豪
1780,自豪的
1781,自願
1782,至上
1783,至上的
1784,至高
1785,至高的
1786,至善
1787,至善的
1788,行善
1789,行善的
1790,似天使
1791,似天使的
1792,似乎有理
1793,作為獎品
1794,作為獎品的
1795,伶俐
1796,伶俐的
1797,克制
1798,免除
1799,免除的
1800,免費
1801,免費的
1802,冷靜
1803,冷靜的
1804,別緻
1805,別緻的
1806,判斷力
1807,利益
1808,利潤
1809,助手
1810,助長
1811,助益
1812,努力
1813,努力的
1814,努力解決
1815,吸引
1816,吸引人
1817,吸引人的
1818,吸引人的事物
1819,吸引力
1820,均勻
1821,均等
1822,均衡
1823,均衡的
1824,壯麗
1825,壯麗的
1826,壯麗雄偉
1827,壯麗雄偉的
1828,壯觀
1829,壯觀的
1830,妙計
1831,妥當
1832,孝行
1833,孝順
1834,孝順的
1835,完成
1836,完成的
1837,完美
1838,完美的
1839,完整
1840,完整的
1841,宏偉
1842,宏偉的
1843,希望
1844,形影不離
1845,形影不離的朋友
1846,忘不了
1847,忘不了的
1848,誌哀
1849,志氣
1850,忍耐
1851,忍耐力
1852,忍耐的
1853,快活
1854,快活的
1855,快樂
1856,快樂主義
1857,快樂主義的
1858,快樂主義者
1859,快樂主義者的
1860,快樂地
1861,快樂的
1862,快樂論
1863,快樂論的
1864,戒除
1865,技巧
1866,把握
1867,批准
1868,抒情
1869,抒情的
1870,改良
1871,改革
1872,改善
1873,改進
1874,攻讀
1875,沈著
1876,沈著的
1877,決心
1878,決定
1879,決定性
1880,決定性的
1881,決斷
1882,決斷力
1883,衝勁
1884,牢固
1885,牢固的
1886,牢靠
1887,狂喜
1888,狂喜的
1889,狂熱
1890,狂熱的
1891,狂熱讚揚
1892,狂歡
1893,狂歡的
1894,罕見
1895,罕見的
1896,良心
1897,良心的
1898,良好
1899,良好的
1900,良性
1901,良性的
1902,足夠
1903,足夠的
1904,足智多謀
1905,迅速
1906,迅速地
1907,迅速的
1908,防止
1909,防水
1910,防水的
1911,防備
1912,事蹟
1913,享有
1914,享受
1915,使人信服
1916,使人信服的
1917,使人首肯
1918,使人首肯的
1919,使人敬畏
1920,使人敬畏的
1921,使平坦
1922,使平靜
1923,使平靜下來
1924,使用方便
1925,使用方便的
1926,使安靜
1927,使免除
1928,使固定
1929,使相等
1930,使涼快
1931,使陶醉
1932,使精細
1933,使緩和
1934,使醉心
1935,供娛樂用
1936,供娛樂用的
1937,典雅
1938,典雅的
1939,刻苦
1940,刻苦的
1941,協力
1942,協力的
1943,協作
1944,協助
1945,協調
1946,卓越
1947,卓越的
1948,取悅
1949,受大眾歡迎
1950,受鍾愛
1951,受鍾愛的
1952,受歡迎
1953,受歡迎的
1954,和平
1955,和平的
1956,和睦
1957,和睦的
1958,和諧
1959,和諧的
1960,和藹
1961,和藹可親
1962,和藹可親的
1963,和藹的
1964,周到
1965,周到的
1966,固守
1967,固守的
1968,固定
1969,固定的
1970,坦白
1971,坦白的
1972,坦直
1973,坦直的
1974,坦率
1975,坦率的
1976,奇妙
1977,奇妙的
1978,奇異
1979,奇蹟
1980,奇蹟的
1981,宜人
1982,宜人的
1983,尚好
1984,幸運
1985,幸運地
1986,幸運的
1987,幸福
1988,幸福的
1989,征服
1990,忠心
1991,忠貞
1992,忠貞的
1993,忠誠
1994,忠誠的
1995,忠誠的行為
1996,忠實
1997,忠實的
1998,承認
1999,承諾
2000,招待
2001,招待周到
2002,招待周到的
2003,放下武器
2004,放心
2005,放心的
2006,易控制
2007,易控制的
2008,易理解
2009,易理解的
2010,易管理
2011,易管理的
2012,易辦
2013,易辦的
2014,易懂
2015,昌盛
2016,昌盛的
2017,明了
2018,明白
2019,明白的
2020,明亮
2021,明亮的
2022,明亮照耀
2023,明亮照耀的
2024,明理
2025,明理的
2026,明晰
2027,明晰的
2028,明智
2029,明智的
2030,明智的行為
2031,明確
2032,明了
2033,明了的
2034,明顯
2035,明顯的
2036,服從
2037,服從的
2038,欣喜
2039,欣然
2040,欣然地
2041,欣賞
2042,注目
2043,注重實際
2044,注重實際的
2045,注意
2046,注意的
2047,法定
2048,法定的
2049,法律
2050,法律的
2051,治療
2052,物廉價美
2053,物廉價美的
2054,的確
2055,的確地
2056,直言不諱
2057,直言不諱的
2058,直率
2059,直率的
2060,直截了當
2061,直覺
2062,直覺的
2063,知足
2064,知性
2065,知性的
2066,知恩
2067,知罪
2068,知道
2069,知覺
2070,肥沃
2071,肥沃的
2072,肯定
2073,肯定的
2074,肯定詞
2075,肯定語
2076,肯順從
2077,肯順從的
2078,芳香
2079,芳香的
2080,芬芳
2081,芬芳的
2082,表示贊成
2083,表示贊成的
2084,表現突出
2085,表現突出的
2086,表揚
2087,長處
2088,非凡
2089,非凡的
2090,非常大方
2091,非常大方的
2092,非常合適
2093,非常合適的
2094,信心
2095,信用
2096,信任
2097,信服
2098,信實
2099,信賴
2100,便利
2101,便利的
2102,便宜
2103,俠義
2104,俠義的
2105,保密
2106,保證
2107,保釋
2108,保護
2109,促成
2110,促成的
2111,促進
2112,俘獲
2113,冠軍
2114,冠軍的
2115,前進
2116,勇氣
2117,勇猛
2118,勇敢
2119,勇敢的
2120,勇敢的行為
2121,勇敢的事蹟
2122,厚道
2123,厚道的
2124,品行
2125,品行端正
2126,品行端正的
2127,品味
2128,品性端正
2129,品性端正的
2130,威嚴
2131,威嚴的
2132,客氣
2133,客氣的
2134,幽默
2135,幽默感
2136,建設
2137,建設性
2138,建設性的
2139,很多
2140,很多的
2141,很好
2142,很好地
2143,很好的
2144,很棒
2145,很棒的
2146,待人如友
2147,思考
2148,思想性
2149,恰好
2150,恰好的
2151,恰當
2152,恰當地
2153,恰當的
2154,恆久
2155,恆久不變
2156,恆心
2157,持久
2158,持久的
2159,指望
2160,施捨
2161,施捨慷慨
2162,施捨慷慨的
2163,柔和
2164,柔和的
2165,柔軟
2166,柔軟的
2167,洋洋
2168,洋溢
2169,洋溢著幸福
2170,洋溢著幸福的
2171,流行
2172,流行的
2173,流利
2174,流利的
2175,流暢
2176,流暢的
2177,活著
2178,活著的
2179,活潑
2180,活潑地
2181,活潑的
2182,為榮
2183,為懷
2184,珍貴
2185,珍貴的
2186,珍愛
2187,珍愛的
2188,相宜
2189,相信
2190,相容
2191,相等
2192,相稱
2193,相稱的
2194,盼望
2195,突出
2196,紅潤
2197,紅潤的
2198,紀念
2199,約定
2200,美人
2201,美化
2202,美好
2203,美好的
2204,美妙
2205,美妙的
2206,美味
2207,美味的
2208,美的事物
2209,美的音樂
2210,美麗
2211,美麗的
2212,耐用
2213,耐用的
2214,耐性
2215,耐勞
2216,致富
2217,致意
2218,苦思
2219,苦修
2220,茂盛
2221,茂盛的
2222,英明
2223,英明的
2224,英俊
2225,英俊的
2226,英勇
2227,英勇的
2228,英雄
2229,英雄式
2230,英雄式的
2231,茁壯
2232,茁壯成長
2233,茁壯的
2234,要緊
2235,貞潔
2236,貞潔的
2237,負有
2238,負有義務
2239,負責
2240,負責的
2241,重大
2242,重大的
2243,重要
2244,重要性
2245,重要的
2246,重要的地位
2247,重視
2248,革命
2249,革新
2250,革新的
2251,音樂
2252,風度
2253,飛黃騰達
2254,飛黃騰達的
2255,首位
2256,首位的
2257,首肯
2258,香的
2259,值得
2260,值得注意
2261,值得注意地
2262,值得注意的
2263,值得的
2264,值得信賴
2265,值得信賴的
2266,值得紀念
2267,值得紀念的
2268,值得崇拜
2269,值得崇拜的
2270,值得接受
2271,值得接受的
2272,值得尊重
2273,值得尊重的
2274,值得尊敬
2275,值得尊敬的
2276,值得稱讚
2277,值得稱讚的
2278,值得擁有
2279,值得擁有的
2280,值得嚮往
2281,值得嚮往的
2282,值得讚美
2283,值得讚美的
2284,值得讚揚
2285,值得讚揚的
2286,值錢
2287,值錢的
2288,修理
2289,倫理
2290,倫理的
2291,剛毅
2292,剛毅的
2293,哲人
2294,娛樂
2295,容光
2296,容光煥發
2297,容光煥發的
2298,容忍
2299,容忍的
2300,容易
2301,容易的
2302,容易親近
2303,容易親近的
2304,恭喜
2305,恭敬
2306,恭敬的
2307,恭維
2308,恩人
2309,恩惠
2310,悔改
2311,悔悟
2312,悅耳
2313,悅耳的
2314,捐贈
2315,捐獻
2316,效能
2317,效率
2318,時髦
2319,時髦的
2320,時機
2321,時機成熟
2322,時機成熟的
2323,時機適宜
2324,時機適宜的
2325,根除
2326,殷勤
2327,殷勤的
2328,氣派
2329,浪漫
2330,浪漫的
2331,消退
2332,消除
2333,消散
2334,消遣
2335,特大
2336,特大的
2337,特色
2338,特別
2339,特別的
2340,特級
2341,特級的
2342,特許
2343,留心
2344,留心的
2345,留神
2346,留神的
2347,留情
2348,留意
2349,留意的
2350,疼愛
2351,疼愛地
2352,真正
2353,真正的
2354,真誠
2355,真誠的
2356,真實
2357,真實的
2358,真確
2359,真確的
2360,神誌正常
2361,神誌正常的
2362,神誌清明
2363,神誌清明的
2364,神氣活現
2365,神氣活現的
2366,神智健全
2367,神童
2368,神聖
2369,神聖的
2370,祝賀
2371,祝賀的
2372,秩序
2373,純真
2374,純淨
2375,純潔
2376,純潔的
2377,能力
2378,能充分理解
2379,能充分理解的
2380,能生產
2381,能生產的
2382,能吃苦耐勞
2383,能吃苦耐勞的
2384,能幹
2385,能幹的
2386,能實行
2387,能實行的
2388,能懂
2389,能懂的
2390,虔信
2391,虔敬
2392,虔敬的
2393,虔誠
2394,虔誠的
2395,衷心
2396,衷心地
2397,衷心的
2398,討人喜歡
2399,訓練
2400,財產
2401,財富
2402,起作用
2403,迷人
2404,迷人之處
2405,迷人的
2406,迷人的美
2407,追根究底
2408,閃爍
2409,高尚
2410,高尚的
2411,高級
2412,高級的
2413,高處
2414,高貴
2415,高貴的
2416,一帆風順
2417,一帆風順的
2418,一流
2419,一致
2420,一致的
2421,了不起
2422,了不起的
2423,瞭解
2424,人性
2425,人性的
2426,人格高尚
2427,人格高尚的
2428,人情
2429,人情味
2430,入神
2431,入神的
2432,入迷
2433,入迷的
2434,上好
2435,上好的
2436,上等
2437,上等的
2438,口頭通過
2439,大方
2440,大方的
2441,大無畏
2442,大無畏的
2443,大量的
2444,大膽
2445,大膽的
2446,小天使
2447,小心
2448,小心的
2449,小心謹慎
2450,小心謹慎的
2451,工整
2452,工整的
2453,才氣
2454,才能
2455,才智
2456,才幹
2457,才藝
2458,不凡
2459,不凡的
2460,不凡的人
2461,不可名狀
2462,不可名狀的
2463,不可否認
2464,不可否認的
2465,不可侵犯
2466,不可侵犯的
2467,不可思議
2468,不可思議的
2469,不任性
2470,不任性的
2471,不成為問題
2472,不成為問題的
2473,不自私
2474,不自私的
2475,不含糊
2476,不含糊的
2477,不受約束
2478,不受約束的
2479,不屈不撓
2480,不屈不撓的
2481,不屈服
2482,不屈服的
2483,不拘泥
2484,不拘泥的
2485,不迫
2486,不偏不倚
2487,不偏不倚地
2488,不偏不倚的
2489,不動搖
2490,不動搖的
2491,不猶豫
2492,不猶豫的
2493,不慌忙
2494,不慌忙的
2495,不會弄錯
2496,不會弄錯的
2497,不會受傷害
2498,不會受傷害的
2499,不懈
2500,中和
2501,中肯
2502,中肯的
2503,井然有序
2504,井然有序的
2505,互助
2506,互助的
2507,互相密合著
2508,互相密合著的
2509,仁慈
2510,仁慈的
2511,允諾
2512,內行
2513,內行的
2514,公平
2515,公平地
2516,公平的
2517,公正
2518,公正地
2519,公正的
2520,公開
2521,公開的
2522,分寸
2523,切實
2524,切實的
2525,切題
2526,切題的
2527,勻稱
2528,勻稱的
2529,升起
2530,友好
2531,友好的
2532,友善
2533,友善的
2534,友愛
2535,友愛的
2536,友誼
2537,及格
2538,天才
2539,天才人物
2540,天使
2541,天使的
2542,天使般的人
2543,天真
2544,天真的
2545,天真無邪
2546,天堂
2547,天然
2548,天然的
2549,天資
2550,天賦
2551,引人注目
2552,引人注目的
2553,引人讚美
2554,引人讚美的人
2555,引以為榮
2556,引以為榮的事物
2557,心甘情願
2558,心甘情願的
2559,心情愉快
2560,心情愉快的
2561,心情舒暢
2562,心情舒暢的
2563,心愛
2564,心愛的
2565,心滿意足
2566,心滿意足地注視
2567,心醉
2568,心醉神迷
2569,手藝
2570,支援
2571,文雅
2572,文雅的
2573,方便
2574,方便的
2575,比較好
2576,主動
2577,主動的
2578,令人高興
2579,令人高興的
2580,令人喜悅
2581,令人喜悅的
2582,令人愉快
2583,令人愉快的
2584,令人欽佩
2585,令人欽佩的
2586,令人滿意
2587,令人滿意地
2588,令人滿意的
2589,令人難忘
2590,令人難忘的
2591,令人驚奇
2592,令人驚奇的
2593,充分
2594,充份
2595,充份的
2596,充沛
2597,充足
2598,充足的
2599,充裕
2600,充滿深情
2601,充滿深情的
2602,出名
2603,出名的
2604,出色
2605,出色的
2606,出神
2607,出神的
2608,出眾
2609,出眾的
2610,加薪
2611,功績
2612,去除
2613,可瞭解
2614,可瞭解的
2615,可口
2616,可口的
2617,可以接受
2618,可以接受的
2619,可用
2620,可用的
2621,可行
2622,可行的
2623,可忍受
2624,可忍受的
2625,可取
2626,可取的
2627,可信
2628,可信任
2629,可信任的
2630,可信的
2631,可信賴
2632,可信賴性
2633,可信賴的
2634,可理解
2635,可理解的
2636,可喜
2637,可喜的
2638,可尊敬
2639,可尊敬的
2640,可欽佩
2641,可欽佩的
2642,可貴
2643,可貴的
2644,可愛
2645,可愛地
2646,可愛的
2647,可敬
2648,可敬的
2649,可敬重
2650,可敬重的
2651,可經營
2652,可經營的
2653,可實行
2654,可實行的
2655,可稱讚
2656,可稱讚的
2657,可靠
2658,可靠性
2659,可靠的
2660,可靠程度
2661,可親
2662,可攜帶
2663,可攜帶的
2664,古典
2665,古典的
2666,古雅
2667,古雅的
2668,叮囑
2669,巨大
2670,巨大的
2671,巧妙
2672,巧妙的
2673,平安
2674,平安的
2675,平坦
2676,平坦的
2677,平息
2678,平等
2679,平整
2680,平衡
2681,平靜
2682,平靜的
2683,平穩
2684,平穩的
2685,必要
2686,打趣
2687,本著良心
2688,本著良心的
2689,未被污染
2690,未被污染的
2691,正大
2692,正式
2693,正式批准
2694,正式的
2695,正直
2696,正直的
2697,正派
2698,正派的
2699,正面
2700,正面地
2701,正常
2702,正常的
2703,正統
2704,正規
2705,正規的
2706,正當
2707,正當的
2708,正義
2709,正義的
2710,正道
2711,正確
2712,正確地
2713,正確性
2714,正確的
2715,永恆
2716,永恆的
2717,甘願
2718,甘願的
2719,生育
2720,生效
2721,生效的
2722,生氣勃勃
2723,生氣勃勃地
2724,生動
2725,生動的
2726,生產
2727,生產多
2728,生產多的
2729,用功
2730,由衷
2731,由衷的高興
2732,目眩
2733,伊甸園
2734,休息
2735,光芒
2736,光芒四射
2737,光芒四射的
2738,光明
2739,光明的
2740,光亮
2741,光亮的
2742,光彩
2743,光滑
2744,光滑的
2745,光榮
2746,光榮的
2747,光輝
2748,光輝的
2749,光澤
2750,先見之明
2751,全力
2752,全力的
2753,全面
2754,全面的
2755,全神貫注
2756,全神貫注的
2757,吉利
2758,吉利的
2759,吉祥
2760,吉祥的
2761,同情
2762,同情心
2763,同意
2764,同意給予
2765,同感
2766,名聲
2767,名譽
2768,合乎
2769,合乎情理
2770,合乎情理的
2771,合乎衛生
2772,合乎衛生的
2773,合乎邏輯
2774,合乎邏輯的
2775,合作
2776,合作的
2777,合宜
2778,合法
2779,合法性
2780,合法的
2781,合格
2782,合理
2783,合理的
2784,合意
2785,合意的
2786,合群
2787,合適
2788,合適地
2789,合適的
2790,吃苦
2791,吃苦耐勞
2792,在乎
2793,在意
2794,在贊成方面
2795,多才多藝
2796,多才多藝的
2797,多產
2798,多產的
2799,多智
2800,多智的
2801,多趣
2802,多趣的
2803,好天氣
2804,好吃
2805,好吃的
2806,好事
2807,好奇
2808,好奇的
2809,好客
2810,好客的
2811,好笑
2812,好笑的
2813,好追根究底
2814,好追根究底的
2815,好意
2816,好意地
2817,好運
2818,好運的
2819,好辦法
2820,如畫
2821,如畫的
2822,守法
2823,守法的
2824,安全
2825,安全的
2826,安定
2827,安逸
2828,安逸的
2829,安詳
2830,安詳的
2831,安寧
2832,安寧的
2833,安慰
2834,安適
2835,安適的
2836,安靜
2837,安靜的
2838,安穩
2839,成功
2840,成功的
2841,成長
2842,成為
2843,成就
2844,成熟
2845,成熟的
2846,收穫
2847,有力
2848,有力的
2849,有才氣
2850,有才氣的
2851,有才能
2852,有才能的
2853,有才智
2854,有才智的
2855,有才幹
2856,有才幹的
2857,有才幹的人
2858,有分寸
2859,有分寸的
2860,有天才的
2861,有天資
2862,有天資的
2863,有天賦
2864,有天賦的
2865,有功績
2866,有功績的
2867,有用
2868,有用的
2869,有目的
2870,有目的的
2871,有光澤
2872,有光澤的
2873,有先見之明
2874,有先見之明的
2875,有同情心
2876,有同情心的
2877,有名
2878,有名的
2879,有判斷力
2880,有判斷力的
2881,有利
2882,有利的
2883,有利益
2884,有利益的
2885,有利條件
2886,有利潤
2887,有利潤的
2888,有助
2889,有助的
2890,有助益
2891,有助益的東西
2892,有吸引力
2893,有吸引力的
2894,有含義
2895,有含義的
2896,有把握
2897,有把握地
2898,有把握的
2899,有決心
2900,有決心的
2901,有知覺
2902,有知覺的
2903,有信心
2904,有信心的
2905,有前途
2906,有品格
2907,有品格的
2908,有威嚴
2909,有威嚴的
2910,有思想
2911,有思想性
2912,有思想性的
2913,有指望
2914,有耐性
2915,有耐性的
2916,有效
2917,有效性
2918,有效的
2919,有效率
2920,有效率的
2921,有特色
2922,有特色的
2923,有益
2924,有益於健康
2925,有益於健康的
2926,有益的
2927,有益健康
2928,有益健康的
2929,有秩序
2930,有能力
2931,有能力的
2932,有財產
2933,有財產的
2934,有教育意義
2935,有教育意義的
2936,有理
2937,有規矩
2938,有規範
2939,有規範的
2940,有責任
2941,有責任心
2942,有責任心的
2943,有責任的
2944,有創造力
2945,有創造力的
2946,有智慧
2947,有智慧的
2948,有貴族氣派
2949,有貴族氣派的
2950,有進取精神
2951,有進取精神的
2952,有雅量
2953,有雅量的
2954,有勢力
2955,有勢力的
2956,有幹勁
2957,有幹勁的
2958,有意義
2959,有意義的
2960,有感覺
2961,有感覺的
2962,有愛心
2963,有愛心的
2964,有愛國心
2965,有愛國心的
2966,有節制
2967,有節制的
2968,有義務的
2969,有道德
2970,有道德的
2971,有精神
2972,有說服力
2973,有說服力的
2974,有遠見
2975,有遠見的
2976,有價值
2977,有價值的
2978,有價值的人
2979,有樂趣
2980,有樂趣的
2981,有確實根據
2982,有確實根據的
2983,有趣
2984,有趣的
2985,有魅力
2986,有魅力的
2987,有錢
2988,有錢的
2989,有頭腦
2990,有頭腦的
2991,有幫手
2992,有幫手的
2993,有幫助
2994,有幫助的
2995,有幫助的人
2996,有膽量
2997,有膽量的
2998,有禮
2999,有禮貌
3000,有禮貌的
3001,有禮貌的行為
3002,有魔力
3003,有魔力的
3004,有權
3005,有權力
3006,有權力的
3007,有權益
3008,有權益的
3009,有權能
3010,有權能的
3011,老實
3012,老實的
3013,老練
3014,老練的
3015,考慮
3016,自主
3017,自由
3018,自由的
3019,自白
3020,自立
3021,自在
3022,自信
3023,自信地
3024,自動
3025,自動的
3026,自尊
3027,自然
3028,自然的
3029,自豪
3030,自豪的
3031,自願
3032,至上
3033,至上的
3034,至高
3035,至高的
3036,至善
3037,至善的
3038,行善
3039,行善的
3040,似天使
3041,似天使的
3042,似乎有理
3043,作為獎品
3044,作為獎品的
3045,伶俐
3046,伶俐的
3047,克制
3048,免除
3049,免除的
3050,免費
3051,免費的
3052,冷靜
3053,冷靜的
3054,別緻
3055,別緻的
3056,判斷力
3057,利益
3058,利潤
3059,助手
3060,助長
3061,助益
3062,努力
3063,努力的
3064,努力解決
3065,吸引
3066,吸引人
3067,吸引人的
3068,吸引人的事物
3069,吸引力
3070,均勻
3071,均等
3072,均衡
3073,均衡的
3074,壯麗
3075,壯麗的
3076,壯麗雄偉
3077,壯麗雄偉的
3078,壯觀
3079,壯觀的
3080,妙計
3081,妥當
3082,孝行
3083,孝順
3084,孝順的
3085,完成
3086,完成的
3087,完美
3088,完美的
3089,完整
3090,完整的
3091,宏偉
3092,宏偉的
3093,希望
3094,形影不離
3095,形影不離的朋友
3096,忘不了
3097,忘不了的
3098,志哀
3099,志氣
3100,忍耐
3101,忍耐力
3102,忍耐的
3103,快活
3104,快活的
3105,快樂
3106,快樂主義
3107,快樂主義的
3108,快樂主義者
3109,快樂主義者的
3110,快樂地
3111,快樂的
3112,快樂論
3113,快樂論的
3114,戒除
3115,技巧
3116,把握
3117,批准
3118,抒情
3119,抒情的
3120,改良
3121,改革
3122,改善
3123,改進
3124,攻讀
3125,沈著
3126,沈著的
3127,決心
3128,決定
3129,決定性
3130,決定性的
3131,決斷
3132,決斷力
3133,衝勁
3134,牢固
3135,牢固的
3136,牢靠
3137,狂喜
3138,狂喜的
3139,狂熱
3140,狂熱的
3141,狂熱讚揚
3142,狂歡
3143,狂歡的
3144,罕見
3145,罕見的
3146,良心
3147,良心的
3148,良好
3149,良好的
3150,良性
3151,良性的
3152,足夠
3153,足夠的
3154,足智多謀
3155,迅速
3156,迅速地
3157,迅速的
3158,防止
3159,防水
3160,防水的
3161,防備
3162,事跡
3163,享有
3164,享受
3165,使人信服
3166,使人信服的
3167,使人首肯
3168,使人首肯的
3169,使人敬畏
3170,使人敬畏的
3171,使平坦
3172,使平靜
3173,使平靜下來
3174,使用方便
3175,使用方便的
3176,使安靜
3177,使免除
3178,使固定
3179,使相等
3180,使涼快
3181,使陶醉
3182,使精細
3183,使緩和
3184,使醉心
3185,供娛樂用
3186,供娛樂用的
3187,典雅
3188,典雅的
3189,刻苦
3190,刻苦的
3191,協力
3192,協力的
3193,協作
3194,協助
3195,協調
3196,卓越
3197,卓越的
3198,取悅
3199,受大眾歡迎
3200,受鍾愛
3201,受鍾愛的
3202,受歡迎
3203,受歡迎的
3204,和平
3205,和平的
3206,和睦
3207,和睦的
3208,和諧
3209,和諧的
3210,和藹
3211,和藹可親
3212,和藹可親的
3213,和藹的
3214,周到
3215,周到的
3216,固守
3217,固守的
3218,固定
3219,固定的
3220,坦白
3221,坦白的
3222,坦直
3223,坦直的
3224,坦率
3225,坦率的
3226,奇妙
3227,奇妙的
3228,奇異
3229,奇跡
3230,奇跡的
3231,宜人
3232,宜人的
3233,尚好
3234,幸運
3235,幸運地
3236,幸運的
3237,幸福
3238,幸福的
3239,征服
3240,忠心
3241,忠貞
3242,忠貞的
3243,忠誠
3244,忠誠的
3245,忠誠的行為
3246,忠實
3247,忠實的
3248,承認
3249,承諾
3250,招待
3251,招待周到
3252,招待周到的
3253,放下武器
3254,放心
3255,放心的
3256,易控制
3257,易控制的
3258,易理解
3259,易理解的
3260,易管理
3261,易管理的
3262,易辦
3263,易辦的
3264,易懂
3265,昌盛
3266,昌盛的
3267,明瞭
3268,明白
3269,明白的
3270,明亮
3271,明亮的
3272,明亮照耀
3273,明亮照耀的
3274,明理
3275,明理的
3276,明晰
3277,明晰的
3278,明智
3279,明智的
3280,明智的行為
3281,明確
3282,明瞭
3283,明瞭的
3284,明顯
3285,明顯的
3286,服從
3287,服從的
3288,欣喜
3289,欣然
3290,欣然地
3291,欣賞
3292,注目
3293,注重實際
3294,注重實際的
3295,注意
3296,注意的
3297,法定
3298,法定的
3299,法律
3300,法律的
3301,治療
3302,物廉價美
3303,物廉價美的
3304,的確
3305,的確地
3306,直言不諱
3307,直言不諱的
3308,直率
3309,直率的
3310,直截了當
3311,直覺
3312,直覺的
3313,知足
3314,知性
3315,知性的
3316,知恩
3317,知罪
3318,知道
3319,知覺
3320,肥沃
3321,肥沃的
3322,肯定
3323,肯定的
3324,肯定詞
3325,肯定語
3326,肯順從
3327,肯順從的
3328,芳香
3329,芳香的
3330,芬芳
3331,芬芳的
3332,表示贊成
3333,表示贊成的
3334,表現突出
3335,表現突出的
3336,表揚
3337,長處
3338,非凡
3339,非凡的
3340,非常大方
3341,非常大方的
3342,非常合適
3343,非常合適的
3344,信心
3345,信用
3346,信任
3347,信服
3348,信實
3349,信賴
3350,便利
3351,便利的
3352,便宜
3353,俠義
3354,俠義的
3355,保密
3356,保證
3357,保釋
3358,保護
3359,促成
3360,促成的
3361,促進
3362,俘獲
3363,冠軍
3364,冠軍的
3365,前進
3366,勇氣
3367,勇猛
3368,勇敢
3369,勇敢的
3370,勇敢的行為
3371,勇敢的事跡
3372,厚道
3373,厚道的
3374,品行
3375,品行端正
3376,品行端正的
3377,品味
3378,品性端正
3379,品性端正的
3380,威嚴
3381,威嚴的
3382,客氣
3383,客氣的
3384,幽默
3385,幽默感
3386,建設
3387,建設性
3388,建設性的
3389,很多
3390,很多的
3391,很好
3392,很好地
3393,很好的
3394,很棒
3395,很棒的
3396,待人如友
3397,思考
3398,思想性
3399,恰好
3400,恰好的
3401,恰當
3402,恰當地
3403,恰當的
3404,恆久
3405,恆久不變
3406,恆心
3407,持久
3408,持久的
3409,指望
3410,施捨
3411,施捨慷慨
3412,施捨慷慨的
3413,柔和
3414,柔和的
3415,柔軟
3416,柔軟的
3417,洋洋
3418,洋溢
3419,洋溢著幸福
3420,洋溢著幸福的
3421,流行
3422,流行的
3423,流利
3424,流利的
3425,流暢
3426,流暢的
3427,活著
3428,活著的
3429,活潑
3430,活潑地
3431,活潑的
3432,為榮
3433,為懷
3434,珍貴
3435,珍貴的
3436,珍愛
3437,珍愛的
3438,相宜
3439,相信
3440,相容
3441,相等
3442,相稱
3443,相稱的
3444,盼望
3445,突出
3446,紅潤
3447,紅潤的
3448,紀念
3449,約定
3450,美人
3451,美化
3452,美好
3453,美好的
3454,美妙
3455,美妙的
3456,美味
3457,美味的
3458,美的事物
3459,美的音樂
3460,美麗
3461,美麗的
3462,耐用
3463,耐用的
3464,耐性
3465,耐勞
3466,致富
3467,致意
3468,苦思
3469,苦修
3470,茂盛
3471,茂盛的
3472,英明
3473,英明的
3474,英俊
3475,英俊的
3476,英勇
3477,英勇的
3478,英雄
3479,英雄式
3480,英雄式的
3481,茁壯
3482,茁壯成長
3483,茁壯的
3484,要緊
3485,貞潔
3486,貞潔的
3487,負有
3488,負有義務
3489,負責
3490,負責的
3491,重大
3492,重大的
3493,重要
3494,重要性
3495,重要的
3496,重要的地位
3497,重視
3498,革命
3499,革新
3500,革新的
3501,音樂
3502,風度
3503,飛黃騰達
3504,飛黃騰達的
3505,首位
3506,首位的
3507,首肯
3508,香的
3509,值得
3510,值得注意
3511,值得注意地
3512,值得注意的
3513,值得的
3514,值得信賴
3515,值得信賴的
3516,值得紀念
3517,值得紀念的
3518,值得崇拜
3519,值得崇拜的
3520,值得接受
3521,值得接受的
3522,值得尊重
3523,值得尊重的
3524,值得尊敬
3525,值得尊敬的
3526,值得稱讚
3527,值得稱讚的
3528,值得擁有
3529,值得擁有的
3530,值得嚮往
3531,值得嚮往的
3532,值得讚美
3533,值得讚美的
3534,值得讚揚
3535,值得讚揚的
3536,值錢
3537,值錢的
3538,修理
3539,倫理
3540,倫理的
3541,剛毅
3542,剛毅的
3543,哲人
3544,娛樂
3545,容光
3546,容光煥發
3547,容光煥發的
3548,容忍
3549,容忍的
3550,容易
3551,容易的
3552,容易親近
3553,容易親近的
3554,恭喜
3555,恭敬
3556,恭敬的
3557,恭維
3558,恩人
3559,恩惠
3560,悔改
3561,悔悟
3562,悅耳
3563,悅耳的
3564,捐贈
3565,捐獻
3566,效能
3567,效率
3568,時髦
3569,時髦的
3570,時機
3571,時機成熟
3572,時機成熟的
3573,時機適宜
3574,時機適宜的
3575,根除
3576,慇勤
3577,慇勤的
3578,氣派
3579,浪漫
3580,浪漫的
3581,消退
3582,消除
3583,消散
3584,消遣
3585,特大
3586,特大的
3587,特色
3588,特別
3589,特別的
3590,特級
3591,特級的
3592,特許
3593,留心
3594,留心的
3595,留神
3596,留神的
3597,留情
3598,留意
3599,留意的
3600,疼愛
3601,疼愛地
3602,真正
3603,真正的
3604,真誠
3605,真誠的
3606,真實
3607,真實的
3608,真確
3609,真確的
3610,神志正常
3611,神志正常的
3612,神志清明
3613,神志清明的
3614,神氣活現
3615,神氣活現的
3616,神智健全
3617,神童
3618,神聖
3619,神聖的
3620,祝賀
3621,祝賀的
3622,秩序
3623,純真
3624,純淨
3625,純潔
3626,純潔的
3627,能力
3628,能充分理解
3629,能充分理解的
3630,能生產
3631,能生產的
3632,能吃苦耐勞
3633,能吃苦耐勞的
3634,能幹
3635,能幹的
3636,能實行
3637,能實行的
3638,能懂
3639,能懂的
3640,虔信
3641,虔敬
3642,虔敬的
3643,虔誠
3644,虔誠的
3645,衷心
3646,衷心地
3647,衷心的
3648,討人喜歡
3649,訓練
3650,財產
3651,財富
3652,起作用
3653,迷人
3654,迷人之處
3655,迷人的
3656,迷人的美
3657,追根究底
3658,閃爍
3659,高尚
3660,高尚的
3661,高級
3662,高級的
3663,高處
3664,高貴
3665,高貴的
3666,高雅
3667,高興
3668,高興的
3669,鬥志
3670,偉大
3671,健全
3672,健全的
3673,健壯
3674,健壯的
3675,健美
3676,健美的
3677,健康
3678,健康的
3679,偏愛
3680,務實
3681,參加
3682,唯實論
3683,唯實論的
3684,堅決
3685,堅決的
3686,堅固
3687,堅固的
3688,堅固耐用
3689,堅固耐用的
3690,堅定
3691,堅定不移
3692,堅定不移的
3693,堅定的
3694,堅持
3695,堅持不懈
3696,堅持的
3697,堅強
3698,堅強的
3699,堅硬無比
3700,堅硬無比的
3701,堅韌
3702,堅韌的
3703,堅毅
3704,堂皇
3705,堂皇的
3706,專門
3707,專門的
3708,專家
3709,專屬
3710,專屬的
3711,崇拜
3712,崇高
3713,崇敬
3714,帶有靈感
3715,帶有靈感的
3716,帶來福氣
3717,帶來福氣的
3718,強大
3719,強大的
3720,強壯
3721,強壯的
3722,強健
3723,強健的
3724,彬彬
3725,彬彬有禮
3726,彬彬有禮的
3727,得人心
3728,得力
3729,得到
3730,得要領
3731,得意
3732,得意揚揚
3733,得獎
3734,得獎的
3735,得體
3736,得體的
3737,從容
3738,從容不迫
3739,從容不迫的
3740,情願
3741,接受
3742,接濟
3743,推進
3744,推薦
3745,教養
3746,啟發
3747,啟發想像力
3748,啟發想像力的
3749,敏悟
3750,敏悟的
3751,敏捷
3752,敏捷地
3753,敏捷的
3754,敏感
3755,敏感的
3756,敏銳
3757,敏銳的
3758,敏銳的感覺力
3759,毫不
3760,毫不含糊
3761,毫不含糊的
3762,毫無
3763,毫無隱諱交談
3764,毫無隱諱交談的
3765,涼快
3766,涼快的
3767,涼爽
3768,涼爽的空氣
3769,清白
3770,清白的
3771,清秀
3772,清秀的
3773,清明
3774,清除
3775,清理
3776,清晰
3777,清楚
3778,清楚地
3779,清楚易懂
3780,清楚易懂的
3781,清楚的
3782,清澈
3783,清澈的
3784,清潔
3785,清潔的
3786,淘氣
3787,深切
3788,深切注意
3789,深切注意的
3790,深刻
3791,深刻的
3792,深思
3793,深思的
3794,深情
3795,深慮
3796,深謀遠慮
3797,率直
3798,率直地
3799,率直的
3800,理性
3801,理性的
3802,理想
3803,理想的
3804,理會
3805,理解
3806,甜蜜
3807,產量多
3808,產量多的
3809,盛年
3810,第一流
3811,第一流的
3812,符合
3813,符合的
3814,符合要求
3815,符合要求的
3816,細心
3817,細心的
3818,細緻
3819,細緻優雅
3820,細緻優雅的
3821,細膩
3822,細膩的
3823,羞怯
3824,羞怯的
3825,習慣
3826,莊重
3827,莊嚴
3828,莊嚴的
3829,被喜愛
3830,被喜愛的
3831,規矩
3832,規範
3833,許可
3834,責任心
3835,責任重大
3836,責任重大的
3837,通用
3838,通用的
3839,通知
3840,通俗
3841,通俗的
3842,通過
3843,連根拔起
3844,連貫
3845,連貫的
3846,造詣
3847,透明
3848,透明的
3849,陶醉
3850,雀躍
3851,傑出
3852,傑出人物
3853,傑出的
3854,最上
3855,最上的
3856,最好
3857,最好地
3858,最有效地
3859,最佳
3860,最佳的
3861,最重要
3862,最重要的
3863,最高
3864,最高的
3865,最理想
3866,最理想的
3867,最適當地
3868,最優秀
3869,最優秀的
3870,凱旋
3871,凱旋的
3872,創立
3873,創立者
3874,創造
3875,創造力
3876,創造性
3877,創造性的
3878,創造的
3879,創新
3880,創新的
3881,勝任
3882,勝任的
3883,勝利
3884,勝利的
3885,勝過
3886,博愛
3887,博愛的
3888,博愛者
3889,喝彩
3890,喜不自禁
3891,喜不自禁的
3892,喜悅
3893,喜氣
3894,喜氣洋洋
3895,喜氣洋洋的
3896,喜愛
3897,喜劇
3898,喜劇的
3899,喜慶
3900,喜慶的
3901,喜歡
3902,喜歡的
3903,報答
3904,報答的
3905,奠基
3906,奠基者
3907,富有
3908,富有的
3909,富有魅力
3910,富有魅力的
3911,富足
3912,富於
3913,富於同情心
3914,富於同情心的
3915,富於的
3916,富於機智
3917,富於機智的
3918,富幽默感
3919,富幽默感的
3920,富裕
3921,富裕的
3922,富麗
3923,富麗的
3924,富麗堂皇
3925,富麗堂皇的
3926,富饒
3927,富饒的
3928,寓意
3929,尊重
3930,尊重人
3931,尊重人的
3932,尊敬
3933,尊敬人
3934,尊敬人的
3935,尊敬的
3936,尊嚴
3937,惠顧
3938,愜意
3939,愜意的
3940,愉快
3941,愉快地
3942,愉快地說
3943,愉快的
3944,掌握
3945,提升
3946,提高
3947,揚揚
3948,晴朗
3949,晴朗的
3950,智力
3951,智力的
3952,智巧
3953,智慧
3954,期待
3955,欽佩
3956,減輕
3957,渴望
3958,渴望的
3959,渴望獲得
3960,滋養
3961,滋養的
3962,無比
3963,無比的
3964,無可指責
3965,無可指責的
3966,無可挑剔
3967,無可挑剔的
3968,無可責難
3969,無可責難的
3970,無可置辯
3971,無可置辯的
3972,無污點
3973,無污點的
3974,無刺激性
3975,無刺激性的
3976,無畏
3977,無畏的
3978,無害處
3979,無害處的
3980,無缺點
3981,無缺點的
3982,無庸
3983,無庸置疑
3984,無庸置疑地
3985,無異議
3986,無異議的
3987,無惡意
3988,無惡意的
3989,無裂縫
3990,無裂縫的
3991,無瑕
3992,無瑕的
3993,無瑕疵
3994,無瑕疵的
3995,無罪
3996,無罪的
3997,無過失
3998,無過失的
3999,無疑
4000,無疑的
4001,無疑問
4002,無疑問的
4003,無誤
4004,無誤地
4005,無價
4006,無價的
4007,無憂無慮
4008,無憂無慮的
4009,無慾
4010,無慾的
4011,無敵
4012,無敵的
4013,無懈可擊
4014,無懈可擊的
4015,無邊無際
4016,無髒污
4017,無髒污的
4018,痛快
4019,痛快地
4020,發育
4021,發展
4022,發財
4023,發財致富
4024,發達
4025,發覺
4026,稍息
4027,稀少
4028,稀少的
4029,稀罕
4030,稀罕的
4031,稀奇
4032,稀奇的
4033,答應
4034,絕妙
4035,絕妙的
4036,絕無
4037,絕無錯誤
4038,絕無錯誤的
4039,絕對可靠
4040,絕對可靠的
4041,給予
4042,善心
4043,善行
4044,善行的
4045,善良
4046,善良的
4047,善於
4048,善於經營
4049,善於經營的
4050,善理
4051,善理家
4052,善理家的
4053,善意
4054,善意的
4055,善說服
4056,善說服的
4057,善舉
4058,善辯
4059,舒服
4060,舒服的
4061,舒暢
4062,舒適
4063,舒適的
4064,華麗
4065,華麗的
4066,著名
4067,著名的
4068,著迷
4069,著迷的
4070,貴重
4071,貴重的
4072,貴族
4073,貴族的
4074,超凡
4075,超凡技術
4076,進行
4077,進步
4078,進步的
4079,進取
4080,進取心
4081,開化
4082,開拓
4083,開放
4084,開放的
4085,開採
4086,開發
4087,間歇
4088,雅致
4089,雅致的
4090,雅量
4091,雅觀
4092,雄偉
4093,雄辯
4094,雄辯的
4095,集資
4096,順利
4097,順利的
4098,順從
4099,順從的
4100,順當
4101,傳奇性
4102,傳奇性的
4103,勤勉
4104,勤勉的
4105,勤奮
4106,勤奮的
4107,嗜好
4108,圓滿
4109,圓滿的
4110,幹勁
4111,微妙
4112,微妙的
4113,微微
4114,微微的
4115,意味深長
4116,意味深長的
4117,慈祥
4118,慈祥的
4119,慈悲
4120,慈悲心
4121,慈悲的
4122,慈悲為懷
4123,慈悲為懷的
4124,慈善
4125,慈善的
4126,感人
4127,感人的
4128,感到滿意
4129,感動
4130,感激
4131,感激的
4132,感謝
4133,感謝的
4134,想像
4135,想像力
4136,想像的
4137,愛心
4138,愛打趣
4139,愛打趣的
4140,愛好
4141,愛好和平
4142,愛好和平的
4143,愛國
4144,愛國心
4145,愛國的
4146,愛情
4147,愛說話
4148,愛說話的
4149,愛慕
4150,慎重
4151,慎重的
4152,慎慮
4153,慎慮的
4154,敬畏
4155,敬重
4156,敬禮
4157,新奇
4158,新奇的
4159,新鮮
4160,新鮮的
4161,暖和
4162,暖和的
4163,極力誇獎
4164,極好
4165,極好的
4166,極好的人
4167,極度高興
4168,極度高興的
4169,極貴重
4170,極貴重的
4171,極樂
4172,極樂的
4173,溫文
4174,溫文儒雅
4175,溫文儒雅的
4176,溫和
4177,溫和的
4178,溫柔
4179,溫柔的
4180,溫柔親切
4181,溫柔親切的
4182,溫順
4183,溫順的
4184,溫暖
4185,溫暖的
4186,準備
4187,準確
4188,準確的
4189,照耀
4190,煥發
4191,當心
4192,當然
4193,當然的
4194,萬能
4195,萬能的
4196,節制
4197,節制的
4198,節約
4199,節約的
4200,節儉
4201,節儉的
4202,經回火後具有的韌度
4203,經得起檢驗
4204,經得起檢驗的
4205,經營
4206,經驗
4207,義務
4208,羨慕
4209,羨慕的
4210,聖人
4211,聖徒
4212,聖潔
4213,聖潔的
4214,補足
4215,補足的
4216,解決
4217,解除
4218,解除武裝
4219,解開
4220,詳細
4221,詳盡
4222,詳盡的
4223,詩意
4224,詩意的
4225,誇獎
4226,詼諧
4227,詼諧的
4228,誠實
4229,誠實的
4230,誠摯
4231,誠摯的
4232,誠懇
4233,誠懇的
4234,資助
4235,資源
4236,資源豐富
4237,資源豐富的
4238,較好
4239,較好者
4240,較優
4241,較優者
4242,道理
4243,道德
4244,道德的
4245,道德崇高
4246,道德崇高的人
4247,達成
4248,達到
4249,逼真
4250,逼真地
4251,逼真的
4252,頌揚
4253,鼓掌
4254,鼓掌歡呼表示通過
4255,鼓掌歡迎
4256,鼓舞
4257,鼓舞人心
4258,鼓舞人心的
4259,鼓舞人心的人
4260,鼓勵
4261,嘉獎
4262,嘟嘟
4263,夥伴
4264,夥伴的
4265,寧靜
4266,寧靜的
4267,實用
4268,實用性
4269,實用性的
4270,實在
4271,實在的
4272,實在論
4273,實在論的
4274,實行
4275,實際
4276,實際可行
4277,實際可行的
4278,實際的
4279,嶄新
4280,嶄新的
4281,慷慨
4282,慷慨的
4283,慷慨的行為
4284,暢談
4285,暢談的
4286,榮耀
4287,榮譽
4288,榮譽的
4289,漂亮
4290,漂亮地
4291,漂亮的
4292,漂亮的東西
4293,滿足
4294,滿意
4295,滿意地說
4296,滿意的
4297,滿懷
4298,滿懷敬畏
4299,滿懷敬畏的
4300,盡情
4301,盡情地
4302,睿智
4303,福利
4304,福氣
4305,稱心
4306,稱讚
4307,端正
4308,端莊
4309,端莊的
4310,管理
4311,精力
4312,精力充沛
4313,精力充沛的
4314,精心
4315,精心的
4316,精巧
4317,精巧地
4318,精巧的
4319,精巧的設計
4320,精明
4321,精明的
4322,精美
4323,精美的
4324,精緻
4325,精緻的
4326,精密
4327,精密的
4328,精細
4329,精細的
4330,精通
4331,精通的
4332,精確
4333,精確性
4334,精確的
4335,精確度
4336,精緻
4337,精緻的
4338,精選
4339,精選的
4340,緊要
4341,認可
4342,認真
4343,認真的
4344,說明
4345,說服
4346,說服力
4347,誘人
4348,豪勇
4349,豪華
4350,豪華的
4351,輔助
4352,輔助的
4353,輕快
4354,輕快地
4355,輕快的
4356,輕鬆
4357,輕鬆的
4358,遠見
4359,儀態高貴
4360,儀態高貴的
4361,增加
4362,增進
4363,增進友誼
4364,增進友誼的
4365,嬉戲
4366,嬉戲的
4367,嫻雅
4368,嫻雅的
4369,嬌美
4370,寬大
4371,寬大的
4372,寬容
4373,寬容的
4374,寬恕
4375,寬恕的
4376,寬闊
4377,寬闊的
4378,審慎
4379,審慎的
4380,寫實
4381,寫實地
4382,寫實的
4383,履行
4384,廣闊
4385,德高望重
4386,德高望重的人
4387,慶祝
4388,慶祝的
4389,慶賀
4390,憐憫
4391,憐憫心
4392,憐憫的
4393,標緻
4394,標緻的
4395,標準的
4396,樂而忘憂
4397,樂而忘憂的
4398,樂事
4399,樂園
4400,樂意
4401,樂意地
4402,樂意的
4403,樂趣
4404,樂觀
4405,樂觀的
4406,毅然
4407,毅然的
4408,澄清
4409,潔淨
4410,潔淨的
4411,潛心
4412,潛心於
4413,熟悉
4414,熟悉的
4415,熟慮
4416,熟練
4417,熟練地
4418,熟練的
4419,熱切
4420,熱切地
4421,熱心
4422,熱心的
4423,熱心腸
4424,熱心腸的
4425,熱忱
4426,熱忱的
4427,熱烈
4428,熱烈的
4429,熱衷
4430,熱衷的
4431,熱情
4432,熱情的
4433,熱望
4434,熱望的
4435,熱愛
4436,熱誠
4437,熱誠地
4438,獎品
4439,獎勵
4440,確定
4441,確信
4442,確實
4443,確實的
4444,締造
4445,締造者
4446,緩和
4447,衛生
4448,衛生的
4449,褒揚
4450,談笑
4451,請求
4452,調和
4453,調和的
4454,調停
4455,調劑
4456,賢人
4457,賢明
4458,賢明的
4459,趣味
4460,趣味相同
4461,趣味相同的
4462,踏實
4463,踏實的
4464,輝煌
4465,輝煌的
4466,輝耀
4467,適任
4468,適合
4469,適合的
4470,適宜
4471,適宜的
4472,適度
4473,適度的
4474,適時
4475,適意
4476,適意的
4477,適當
4478,適當地
4479,適當的
4480,適應
4481,適應的
4482,醇的
4483,醉人
4484,醉心
4485,魅力
4486,儒雅
4487,凝聚
4488,凝聚性
4489,凝聚性的
4490,勳績
4491,噪聲小
4492,噪聲小的
4493,奮爭
4494,奮鬥
4495,奮發
4496,奮進
4497,學習
4498,學識
4499,戰勝
4500,擅長
4501,擁有
4502,擔負
4503,整齊
4504,整齊的
4505,整潔
4506,整潔的
4507,樸素
4508,樸素的
4509,機巧
4510,機敏
4511,機敏地
4512,機敏的
4513,機智
4514,機智的
4515,機會
4516,機警
4517,機靈
4518,機靈的
4519,激勵
4520,獨一無二
4521,獨一無二的
4522,獨立
4523,獨立自主
4524,獨立自主的
4525,獨有
4526,獨有的
4527,獨特
4528,獨特的
4529,獨創
4530,獨創性
4531,積極
4532,積極性
4533,積極的
4534,興旺
4535,興高采烈
4536,興高采烈地
4537,興高采烈的
4538,興盛
4539,興盛的
4540,興趣
4541,興奮
4542,興奮的
4543,親切
4544,親切的
4545,親近
4546,親密
4547,親密的
4548,親愛
4549,親愛的
4550,諧調
4551,諧調的
4552,諾言
4553,遵守
4554,遵從
4555,頭腦清楚
4556,頭腦清楚的
4557,優秀
4558,優秀的
4559,優良
4560,優良的
4561,優於
4562,優美
4563,優美地
4564,優美的
4565,優勝
4566,優勝的
4567,優雅
4568,優勢
4569,優質
4570,優質的
4571,償清
4572,幫手
4573,幫助
4574,幫助脫離困境
4575,懂事
4576,懇求
4577,營養
4578,營養的
4579,燦爛
4580,燦爛的
4581,獲利
4582,獲利的
4583,獲得
4584,獲得勝利
4585,獲勝
4586,獲勝的
4587,瞭解
4588,矯正
4589,縫補
4590,繁茂
4591,繁茂的
4592,繁盛
4593,繁盛的
4594,繁榮
4595,繁榮的
4596,聲望
4597,聲譽
4598,聲譽好
4599,聲譽好的
4600,聰明
4601,聰明的
4602,聰慧
4603,聰慧的
4604,聰穎
4605,聰穎的
4606,聯合
4607,聯合起來
4608,膽量
4609,舉行
4610,舉行凱旋式
4611,謙卑
4612,謙卑的
4613,謙恭
4614,謙恭有禮
4615,謙恭有禮的言辭
4616,謙恭的
4617,謙虛
4618,謙遜
4619,謙遜地
4620,謙遜的
4621,豁免
4622,賺錢
4623,避免
4624,鍾愛
4625,鍛煉
4626,鮮明
4627,鮮明的
4628,鮮豔
4629,鮮豔的
4630,嚮往
4631,獵獲
4632,禮貌
4633,簡易
4634,簡明
4635,簡樸
4636,簡樸的
4637,織補
4638,職責
4639,謹慎
4640,謹慎的
4641,豐富
4642,豐富的
4643,豐滿
4644,豐滿的
4645,豐饒
4646,豐饒的
4647,醫治
4648,寵愛
4649,寵愛的
4650,懷著
4651,懷著希望
4652,懷著希望的
4653,穩固
4654,穩定
4655,穩定性
4656,穩定的
4657,穩重
4658,穩重的
4659,穩健
4660,穩健的
4661,藝術
4662,贊同
4663,贊成
4664,贊成的
4665,贊成的一方
4666,贊成的論點
4667,贊成者
4668,贊成票
4669,贊助
4670,讚許
4671,讚許的
4672,關心
4673,難忘
4674,難忘的
4675,願意
4676,嚴密
4677,嚴肅
4678,嚴肅性
4679,嚴肅的
4680,嚴謹
4681,嚴謹的
4682,寶貴
4683,寶貴的
4684,懺悔
4685,攙扶
4686,覺察
4687,警覺
4688,騰躍
4689,顧慮周到
4690,顧慮周到的
4691,魔力
4692,魔法
4693,權益
4694,歡天喜地
4695,歡呼
4696,歡欣
4697,歡迎
4698,歡迎的
4699,歡笑
4700,歡喜
4701,歡喜的
4702,歡慶
4703,歡慶勝利
4704,歡樂
4705,歡樂的
4706,歡鬧
4707,歡鬧的
4708,歡騰
4709,歡騰的
4710,歡躍
4711,聽話
4712,鑒別力
4713,纖細
4714,纖細的
4715,變平靜
4716,變好
4717,變得較好
4718,變清
4719,邏輯
4720,顯著
4721,顯著地
4722,顯著的
4723,顯赫
4724,顯赫的
4725,驚奇
4726,驚羨
4727,體面
4728,體貼
4729,體貼的
4730,體諒
4731,體諒的
4732,讓步
4733,靈巧
4734,靈巧地
4735,靈巧的
4736,靈活
4737,靈活的
4738,靈敏
4739,靈敏性
4740,靈敏的
4741,靈感
4742,讚美
4743,讚揚
4744,讚揚的
4745,讚歎
4746,讚歎不已
4747,讚賞
4748,羨慕
4749,一吐為快
4750,一見鍾情
4751,一往情深
4752,一笑置之
4753,了不起
4754,人味
4755,大笑
4756,大喜
4757,大喜若狂
4758,大無畏
4759,才華
4760,才幹
4761,不亦樂乎
4762,不忍
4763,不爭
4764,不遺餘力
4765,中肯
4766,互利
4767,互助
4768,互助合作
4769,互惠
4770,互愛
4771,互敬
4772,仁善
4773,公平
4774,分工
4775,分工合作
4776,友善
4777,友愛
4778,天籟
4779,太好
4780,太好了
4781,引以為傲
4782,引以為榮
4783,引吭
4784,引吭高歌
4785,心心相印
4786,心平氣和
4787,心甘情願
4788,心如止水
4789,心安理得
4790,心有慼慼
4791,心有靈犀
4792,心花怒放
4793,心動
4794,心想事成
4795,心愛
4796,心誠則靈
4797,心滿意足
4798,心儀
4799,心寬
4800,心寬體胖
4801,心曠神怡
4802,日久生情
4803,出人意表
4804,出乎意料
4805,出息
4806,功德
4807,可信
4808,可喜
4809,可愛
4810,可敬
4811,平心
4812,平心靜氣
4813,平平淡淡
4814,平平靜靜
4815,平衡
4816,平靜
4817,平靜下來
4818,打趣
4819,母愛
4820,甘美
4821,甘甜
4822,甘願
4823,生日快樂
4824,生情
4825,由衷
4826,白金
4827,光彩
4828,光榮
4829,同情
4830,合作
4831,地位
4832,多幸褔
4833,多福
4834,好心情
4835,好事
4836,好意
4837,好感
4838,好運
4839,好學
4840,如意
4841,守信
4842,安心
4843,安可
4844,安好
4845,安安靜靜
4846,安安穩穩
4847,安身
4848,安身立命
4849,安和樂利
4850,安命
4851,安定
4852,安於
4853,安泰
4854,安眠
4855,安康
4856,安祥
4857,安然
4858,安逸
4859,安詳
4860,安寧
4861,安睡
4862,安慰
4863,安樂
4864,安適
4865,安靜
4866,有說有笑
4867,有趣
4868,有禮
4869,自由
4870,自由自在
4871,自立自強
4872,自在
4873,自如
4874,自助
4875,自告奮勇
4876,自信
4877,自信滿滿
4878,自勉
4879,自得其樂
4880,你儂我儂
4881,克服
4882,冷靜
4883,含笑
4884,含情脈脈
4885,妙不可言
4886,完好
4887,完美
4888,完滿
4889,希望
4890,希冀
4891,快快活活
4892,快快樂樂
4893,快活
4894,快樂
4895,把握
4896,抒情
4897,抒發
4898,抒解
4899,抒懷
4900,改善
4901,改頭換面
4902,求新
4903,狂喜
4904,狂愛
4905,狂熱
4906,狂歡
4907,肝膽相照
4908,良心
4909,良好
4910,良性
4911,良善
4912,言笑晏晏
4913,言歸於好
4914,走好運
4915,呵呵
4916,奉獻
4917,幸福
4918,果斷
4919,欣喜
4920,欣賞
4921,知恥
4922,長進
4923,信心
4924,信用
4925,冠軍
4926,勇氣
4927,哈哈
4928,威嚴
4929,很爽
4930,施恩
4931,柔情
4932,柔順
4933,洋房
4934,活力
4935,為快
4936,為傲
4937,為榮
4938,美感
4939,美夢
4940,音樂
4941,香甜
4942,原諒
4943,振奮
4944,慇勤
4945,真理
4946,真愛
4947,笑兮兮
4948,笑死
4949,笑死羅
4950,笑勒
4951,討好
4952,討喜
4953,財富
4954,高高興興
4955,高歌
4956,高興
4957,健美
4958,偏袒
4959,偏愛
4960,崇拜
4961,崇敬
4962,得意
4963,悠哉
4964,情不自禁
4965,情投意合
4966,情深
4967,情願
4968,教養
4969,望子成龍
4970,淳樸
4971,清高
4972,爽快
4973,爽朗
4974,率真
4975,理會
4976,甜甜蜜蜜
4977,甜滋滋
4978,甜蜜
4979,脫俗
4980,雀躍
4981,博愛
4982,喜出望外
4983,喜悅
4984,喜感
4985,喜愛
4986,喜歡
4987,報恩
4988,報喜
4989,富強
4990,尊重
4991,尊崇
4992,尊嚴
4993,悲憐
4994,悲憫
4995,愉快
4996,愉悅
4997,揚揚自得
4998,智慧
4999,期待
5000,期盼
5001,期望
5002,期許
5003,欽佩
5004,渴求
5005,渴盼
5006,渴望
5007,渴慕
5008,無畏
5009,超好
5010,開心
5011,開朗
5012,雅觀
5013,順眼
5014,黃金
5015,廉潔
5016,意氣風發
5017,慈和
5018,慈祥
5019,慈悲
5020,感人
5021,感同身受
5022,感恩
5023,感動
5024,感激
5025,感謝
5026,愛人
5027,愛人如己
5028,愛上
5029,愛心
5030,愛慕
5031,愛憐
5032,愛撫
5033,敬佩
5034,敬愛
5035,新奇
5036,暖呼呼
5037,暖烘烘
5038,暖意
5039,會心
5040,會心一笑
5041,溺愛
5042,溫文
5043,溫情
5044,溫暖
5045,溫慰
5046,溫藹
5047,溫馨
5048,煥發
5049,癡心
5050,癡狂
5051,癡情
5052,癡癡
5053,義不容辭
5054,義無反顧
5055,羨煞
5056,羨慕
5057,群情激憤
5058,群策群力
5059,解決
5060,誇獎
5061,誇耀
5062,詼諧
5063,誠心誠意
5064,誠摯
5065,誠懇
5066,道謝
5067,達觀
5068,過關
5069,過癮
5070,酬謝
5071,鼓舞
5072,夢想
5073,奪冠
5074,奪得
5075,奪魁
5076,嫣然一笑
5077,實現
5078,實現出來
5079,慷慨
5080,旗開得勝
5081,暢快
5082,榮幸
5083,榮譽
5084,漂亮
5085,漂漂亮亮
5086,滿足
5087,滿面春風
5088,滿意
5089,滿載而歸
5090,漸入佳境
5091,瘋狂
5092,盡如人意
5093,盡興
5094,福祉
5095,福氣
5096,稱讚
5097,窩心
5098,精神百倍
5099,與有榮焉
5100,認同
5101,誘人
5102,輕輕鬆鬆
5103,輕鬆
5104,遙遙領先
5105,領先
5106,嘻嘻
5107,嘻嘻哈哈
5108,嘿嘿
5109,寬厚
5110,寬容
5111,寬恕
5112,廢寢忘食
5113,慶幸
5114,慶祝
5115,慰問
5116,憧憬
5117,憐惜
5118,憐憫
5119,樂子
5120,樂不可支
5121,樂天
5122,樂乎
5123,樂在其中
5124,樂此不疲
5125,樂見
5126,樂呵呵
5127,樂於
5128,樂意
5129,樂趣
5130,樂觀
5131,毅力
5132,熱力
5133,熱中
5134,熱切
5135,熱切於
5136,熱心
5137,熱忱
5138,熱情
5139,熱愛
5140,熱誠
5141,熱熱鬧鬧
5142,熱鬧
5143,熱戀
5144,獎勵
5145,練成
5146,蓬勃
5147,衛生
5148,衛冕
5149,衝勁
5150,諒解
5151,談笑風生
5152,談戀愛
5153,賞心悅目
5154,賞識
5155,賞識到
5156,賢明
5157,賢淑
5158,賢慧
5159,適性
5160,適得
5161,適得其所
5162,醉人
5163,養活
5164,魅力
5165,器重
5166,奮力
5167,奮不顧身
5168,奮勇
5169,奮起
5170,奮鬥
5171,奮發
5172,學以致用
5173,學好
5174,學成
5175,學成歸國
5176,學有專精
5177,學習好
5178,學進
5179,學進去
5180,學會
5181,戰勝
5182,戰無不勝
5183,擁護
5184,擔待
5185,激昂
5186,激賞
5187,激勵
5188,激盪
5189,興沖沖
5190,興致勃勃
5191,興高采烈
5192,親和
5193,親善
5194,親愛
5195,懇摯
5196,聰明
5197,臉紅
5198,謙卑
5199,謝謝
5200,豁然開朗
5201,鍾情
5202,鍾愛
5203,嚮往
5204,豐腴
5205,關心
5206,關愛
5207,關懷
5208,韻味
5209,願意
5210,犧牲
5211,歡天喜地
5212,歡叫
5213,歡呼
5214,歡欣
5215,歡迎
5216,歡笑
5217,歡喜
5218,歡愉
5219,歡樂
5220,戀愛
5221,戀戀
5222,驚喜
5223,讚許
5224,讚賞
5225,煇煌
5226,加油
5227,讚
